[
    {
        "vseip": "2886860920",
        "snmp_version": "2",
        "config": "172.18.100.1/00:00:00:00:00:00/h3c/ywj3344;172.18.5.254/00:00:00:00:00:00/h3c/ywj3344",
        "vsename": "172.18.0.120"
    },
    {
        "vseip": "2886860925",
        "snmp_version": "2",
        "config": "172.18.100.2/00:00:00:00:00:00/maipu/public888",
        "vsename": "172.18.0.125"
    },
    {
        "vseip": "2886860926",
        "snmp_version": "2",
        "config": "172.18.1.254/00:00:00:00:00:00/h3c/ywj3344",
        "vsename": "172.18.0.126"
    }
]